Sentiment,Avg_Likes,Avg_Retweets
Neutral,82.93023255813954,25.58139534883721
Positive,79.0,26.82608695652174
Negative,77.3529411764706,23.5
