AgeGroup,Avg_Likes,Avg_Retweets
Teen,87.14814814814815,27.40740740740741
Adult,82.66666666666667,28.285714285714285
Senior,75.46153846153847,22.73076923076923
